Sentence #,Word,Tag_predicted
Sentence: 1,Vsako,O
,obdobje,O
,otoplitve,O
,in,O
,s,O
,tem,O
,zmanjšanje,O
,obsega,O
,ledenikov,O
,imenujemo,O
,medledena,B-DEFINIENDUM
,doba,I-DEFINIENDUM
,ali,O
,interglacial,B-DEFINIENDUM
,.,O
Sentence: 2,Takšnim,O
,meandrom,PAD
,pravimo,O
,tudi,O
,ujeti,O
,meandri,I-DEFINIENDUM
,in,O
,jih,O
,najdemo,O
,tudi,O
,v,B-HAS_LOCATION
,nekaterih,O
,drugih,O
,slovenskih,O
,pokrajinah,O
,.,O
Sentence: 3,V,O
,leksikonu,O
,je,O
,spodmol,O
,definiran,O
,kot,O
,"""",O
,kratka,B-HAS_FORM
,votlina,B-GENUS
,z,B-HAS_FORM
,visoko,I-HAS_FORM
,previsno,I-HAS_FORM
,steno,I-HAS_FORM
,na,B-HAS_LOCATION
,vhodu,I-HAS_FORM
,"""",O
,in,O
,kot,O
,"""",O
,zaradi,B-HAS_CAUSE
,delovanja,I-HAS_CAUSE
,valov,I-HAS_CAUSE
,izpodjeden,I-HAS_CAUSE
,previs,I-HAS_CAUSE
,na,B-HAS_LOCATION
,morski,O
,",",O
,jezerski,O
,obali,O
,"""",O
Sentence: 4,V,O
,geologiji,B-DEFINIENDUM
,je,O
,zemeljski,B-DEFINIENDUM
,plaz,I-DEFINIENDUM
,definiran,O
,kot,O
,območje,B-GENUS
,preperine,PAD
,",",O
,usedline,O
,ali,O
,kamnine,I-HAS_FUNCTION
,",",O
,ki,B-HAS_FUNCTION
,se,I-HAS_FUNCTION
,je,B-HAS_FORM
,hitro,I-HAS_FUNCTION
,ali,O
,počasi,I-HAS_FORM
,premaknila,I-HAS_FUNCTION
,s,I-HAS_FUNCTION
,prvotnega,I-HAS_FUNCTION
,kraja,I-HAS_FUNCTION
,in,O
,ima,I-HAS_FUNCTION
,vidno,I-HAS_FORM
,spremenjeno,I-HAS_FUNCTION
,površje,I-HAS_FORM
,.,O
Sentence: 5,V,O
,najstarejši,O
,literaturi,O
,izraz,O
,spodmol,B-DEFINIENDUM
,pomeni,O
,majhno,B-HAS_FORM
,izravnavo,I-HAS_FORM
,na,B-HAS_LOCATION
,povešenih,I-HAS_LOCATION
,gorskih,I-HAS_LOCATION
,hrbtih,I-HAS_LOCATION
,in,O
,slemenih,I-HAS_LOCATION
,.,O
Sentence: 6,Spodmole,B-DEFINIENDUM
,opišejo,O
,kot,B-HAS_FORM
,vodoravne,B-HAS_FORM
,vdolbine,I-GENUS
,/,O
,zajede,I-HAS_FORM
,v,B-HAS_FORM
,obliki,I-HAS_FORM
,črke,I-HAS_FORM
,C,I-HAS_FORM
,v,B-HAS_FORM
,navpičnem,I-HAS_FORM
,prerezu,I-HAS_FORM
,",",O
,izdolbene,B-HAS_FORM
,na,B-HAS_LOCATION
,pobočjih,I-HAS_LOCATION
,in,O
,v,B-HAS_LOCATION
,skalnih,I-HAS_LOCATION
,stenah,I-HAS_LOCATION
,.,O
,skalnih,O
Sentence: 7,Uporablja,O
,se,O
,pojem,O
,prebojna,O
,dolina,I-DEFINIENDUM
,",",O
,kar,O
,pa,O
,je,O
,samo,O
,slovenski,O
,izraz,O
,za,O
,antecedentno,O
,dolino,O
,",",O
,to,O
,je,O
,tisti,O
,del,O
,rečne,B-GENUS
,doline,O
,",",O
,ki,O
,se,O
,je,O
,ob,B-HAS_LOCATION
,dviganju,I-HAS_CAUSE
,antiklinale,I-HAS_CAUSE
,vrezal,I-HAS_CAUSE
,prečno,I-HAS_FORM
,na,I-HAS_FORM
,antiklinalo,I-HAS_FORM
,.,O
Sentence: 8,Izraz,O
,denudacija,B-DEFINIENDUM
,označuje,O
,razgaljanje,B-GENUS
,površja,I-HAS_LOCATION_rev
,oziroma,O
,ploskovno,I-HAS_CAUSE
,odstranjevanje,B-HAS_CAUSE
,preperelih,I-HAS_FUNCTION
,snovi,I-HAS_CAUSE
,s,I-HAS_FUNCTION
,površja,I-HAS_LOCATION_rev
,zemlje,I-HAS_LOCATION_rev
,z,O
,eksogenimi,I-HAS_CAUSE
,procesi,I-HAS_CAUSE
,.,O
,površja,O
,preperelih,O
,snovi,O
,ploskovno,O
Sentence: 9,Z,O
,izrazom,O
,zemeljski,B-DEFINIENDUM
,plaz,I-DEFINIENDUM
,razumejo,O
,tako,O
,proces,B-GENUS
,",",O
,to,O
,je,O
,"""",O
,premikanje,B-GENUS
,kamnin,I-HAS_FUNCTION
,ali,O
,zemlje,O
,po,B-HAS_LOCATION
,pobočju,I-HAS_LOCATION_rev
,navzdol,I-HAS_FORM
,pod,I-HAS_CAUSE
,vplivom,I-HAS_CAUSE
,gravitacije,I-HAS_CAUSE
,.,O
,.,O
,.,O
,"""",O
,.,O
Sentence: 10,Tovrstno,O
,izoblikovanost,O
,krasa,O
,",",O
,kjer,O
,se,O
,osamljeno,I-HAS_FORM_rev
,dvigajo,I-HAS_FORM_rev
,več,I-HAS_SIZE
,deset,I-HAS_SIZE
,ali,I-HAS_SIZE
,sto,I-HAS_SIZE
,metrov,I-HAS_SIZE
,visoke,I-HAS_SIZE
,vzpetine,O
,",",O
,imenujemo,O
,kopasti,B-DEFINIENDUM
,kras,I-DEFINIENDUM
,.,O
Sentence: 11,Tip,O
,kraškega,I-HAS_LOCATION_rev
,površja,I-GENUS
,",",O
,kjer,O
,je,O
,prevladujoča,O
,oblika,O
,vrtače,O
,",",O
,imenujemo,O
,vrtačasti,B-DEFINIENDUM
,kras,I-DEFINIENDUM
,.,O
Sentence: 12,Holocen,B-DEFINIENDUM
,predstavlja,O
,medledeno,O
,dobo,I-GENUS
,",",O
,ki,O
,se,O
,je,O
,začela,B-HAS_CAUSE
,pred,I-HAS_CAUSE
,približno,O
,11,O
,.,O
,000,O
,leti,O
,s,I-HAS_CAUSE
,hitrim,I-HAS_CAUSE
,zviševanjem,I-HAS_CAUSE
,morske,I-HAS_CAUSE
,gladine,I-HAS_CAUSE
,.,O
Sentence: 13,Te,O
,razmeroma,O
,zaprte,O
,kotanje,B-GENUS
,z,B-HAS_FORM
,obsežnim,O
,",",O
,z,I-HAS_FORM
,vrtačami,I-HAS_FORM
,razčlenjenim,I-HAS_FORM
,dnom,I-HAS_FORM
,",",O
,imenujemo,O
,uvale,B-DEFINIENDUM
,.,O
Sentence: 14,Ta,O
,proces,B-GENUS
,oblikovanja,O
,rovov,I-DEFINIENDUM
,na,B-HAS_LOCATION
,kontaktnem,I-HAS_LOCATION
,krasu,I-HAS_LOCATION_rev
,imenujemo,O
,parageneza,B-DEFINIENDUM
,.,O
,rovov,O
Sentence: 15,Take,O
,jame,O
,imenujemo,O
,paragenetske,B-DEFINIENDUM
,jame,I-DEFINIENDUM
,",",O
,zaradi,O
,njihove,O
,lege,O
,v,B-HAS_LOCATION
,občasno,I-HAS_LOCATION
,zaliti,I-HAS_LOCATION
,coni,I-HAS_LOCATION_rev
,pa,O
,jih,O
,lahko,O
,imenujemo,O
,tudi,O
,epifreatične,B-DEFINIENDUM
,jame,I-DEFINIENDUM
,.,O
Sentence: 16,Nad,B-HAS_FUNCTION
,kraškim,I-HAS_LOCATION
,izvirom,I-HAS_LOCATION_rev
,se,O
,pojavlja,O
,strm,O
,konec,O
,doline,O
,",",O
,ki,O
,ga,O
,imenujemo,O
,zatrep,B-DEFINIENDUM
,.,O
Sentence: 17,Oznaka,O
,okno,O
,se,O
,v,O
,geografiji,O
,uporablja,O
,za,O
,večjo,B-GENUS
,odprtino,B-GENUS
,",",O
,skozi,B-HAS_FUNCTION
,katero,B-HAS_FUNCTION
,se,O
,vidi,O
,ozadje,O
,.,O
Sentence: 18,Sloj,B-GENUS_rev
,med,O
,najvišjim,O
,in,O
,najnižjim,O
,nivojem,I-COMPOSITION_MEDIUM
,podzemne,O
,vode,I-HAS_FUNCTION
,v,B-HAS_LOCATION
,krasu,I-HAS_LOCATION_rev
,imenujemo,O
,epifreatična,B-DEFINIENDUM
,cona,I-GENUS
,.,O
Sentence: 19,Gladino,B-GENUS_rev
,vodnega,I-GENUS_rev
,telesa,I-GENUS
,v,B-HAS_LOCATION
,freatični,I-HAS_LOCATION
,coni,I-HAS_LOCATION_rev
,imenujemo,O
,nivo,B-GENUS
,podzemne,B-DEFINIENDUM
,vode,I-DEFINIENDUM
,v,B-HAS_LOCATION
,krasu,I-HAS_LOCATION
,.,O
Sentence: 20,Višina,B-GENUS
,točke,O
,",",O
,ki,O
,jo,O
,imenujemo,O
,raven,B-GENUS
,združevanja,O
,",",O
,je,O
,sorazmerna,O
,meri,O
,različnosti,O
,med,O
,skupinama,O
,.,O
Sentence: 21,Enote,B-GENUS
,površja,I-GENUS
,",",O
,v,B-HAS_LOCATION
,katerih,O
,potekajo,O
,enaki,O
,ali,O
,podobni,O
,procesi,O
,",",O
,homogeni,O
,po,O
,vrsti,O
,in,O
,intenzivnosti,O
,",",O
,imenujemo,O
,morfogenetske,B-DEFINIENDUM
,enote,I-DEFINIENDUM
,.,O
Sentence: 22,Zelo,O
,strmo,O
,pobočje,I-GENUS_rev
,z,O
,naklonom,I-HAS_SIZE
,nad,I-HAS_SIZE
,55,I-HAS_SIZE
,ali,O
,65,I-HAS_SIZE
,imenujemo,O
,stena,B-DEFINIENDUM
,ali,O
,klif,B-DEFINIENDUM
,.,O
Sentence: 23,Vse,O
,pojave,O
,premeščanja,I-HAS_CAUSE
,gradiva,I-GENUS
,",",O
,ki,O
,nastanejo,B-HAS_CAUSE
,zaradi,I-HAS_CAUSE
,vpliva,I-HAS_CAUSE
,gravitacije,I-HAS_CAUSE
,in,O
,so,O
,pomemben,O
,dejavnik,I-HAS_CAUSE
,denudacije,I-HAS_CAUSE
,površja,I-HAS_CAUSE
,",",O
,imenujemo,O
,pobočni,B-DEFINIENDUM
,procesi,I-DEFINIENDUM
,.,O
Sentence: 24,Spremembo,O
,Shannonove,O
,entropije,O
,imenujemo,O
,Kolmogorovova,B-DEFINIENDUM
,entropija,I-DEFINIENDUM
,in,O
,je,O
,enaka,O
,vsoti,O
,pozitivnih,PAD
,Lyapunovovih,O
,eksponentov,O
,.,O
Sentence: 25,Samo,O
,-,O
,podobne,O
,geometrične,O
,objekte,I-GENUS
,imenujemo,O
,tudi,O
,fraktali,B-DEFINIENDUM
,.,O
Sentence: 26,Fraktalna,B-DEFINIENDUM
,dimenzija,B-GENUS
,je,O
,tudi,O
,mera,O
,razgibanosti,I-HAS_FORM
,površja,I-GENUS
,.,O
Sentence: 27,S,B-HAS_CAUSE
,preperevanjem,I-HAS_CAUSE
,apnenca,I-COMPOSITION_MEDIUM
,in,O
,dolomita,I-COMPOSITION_MEDIUM
,nastane,O
,iz,O
,netopnih,I-HAS_CAUSE
,ostankov,I-HAS_CAUSE_rev
,ilovica,I-COMPOSITION_MEDIUM
,",",O
,ki,O
,jo,O
,skupaj,O
,s,O
,huminskimi,O
,snovmi,O
,imenujemo,O
,jerovica,O
,.,O
,netopnih,O
Sentence: 28,Jerovica,PAD
,je,O
,povečini,O
,zmes,I-COMPOSITION_MEDIUM
,kremenice,I-COMPOSITION_MEDIUM
,",",O
,aluminijevih,O
,in,O
,železovih,O
,oksidov,I-COMPOSITION_MEDIUM
,.,O
Sentence: 29,Kronometrične,B-DEFINIENDUM
,in,O
,inkrementalne,O
,metode,O
,datiranja,O
,imenujemo,O
,tudi,O
,absolutne,B-DEFINIENDUM
,metode,I-DEFINIENDUM
,ali,O
,radiometrične,B-DEFINIENDUM
,metode,O
,.,O
Sentence: 30,Sediment,B-GENUS_rev
,nastane,B-HAS_CAUSE
,s,B-HAS_CAUSE
,trenjem,I-HAS_CAUSE
,in,O
,ga,O
,imenujemo,O
,tektonska,B-DEFINIENDUM
,glina,I-DEFINIENDUM
,zaradi,O
,velikosti,O
,delcev,O
,.,O
Sentence: 31,Vsako,O
,povečanje,B-GENUS
,obsega,I-HAS_SIZE_rev
,poledenitve,PAD
,imenujemo,O
,ledena,B-DEFINIENDUM
,doba,I-DEFINIENDUM
,ali,O
,glacial,O
,.,O
Sentence: 32,Ljudsko,O
,ime,O
,lašt,B-DEFINIENDUM
,izhaja,O
,iz,O
,območja,O
,Julijskih,O
,Alp,O
,in,O
,ponazarja,O
,specifično,O
,obliko,O
,škrapelj,B-DEFINIENDUM
,.,O
,Gre,O
,za,O
,večje,B-HAS_SIZE
,skladovne,I-HAS_FORM
,police,B-GENUS
,ali,O
,kamnite,B-COMPOSITION_MEDIUM
,ploskve,B-GENUS
,z,B-HAS_FORM
,velikimi,I-HAS_FORM
,ravnimi,I-HAS_FORM
,strukturnimi,I-HAS_FORM
,površinami,I-HAS_FORM
,in,O
,enakim,I-HAS_FORM
,strmcem,I-HAS_FORM
,.,O
Sentence: 33,Preperevanje,B-HAS_CAUSE
,ali,O
,vodna,I-HAS_CAUSE
,erozija,I-HAS_CAUSE
,odnese,O
,/,O
,izpodje,O
,manj,O
,odporno,B-HAS_FUNCTION
,kamnino,I-GENUS
,",",O
,ostane,O
,pa,O
,bolj,O
,odporna,O
,kamnina,I-GENUS_rev
,",",O
,ki,B-HAS_FUNCTION
,predstavlja,O
,streho,O
,spodmola,O
,.,O
Sentence: 34,Pri,O
,izrazu,O
,pobočni,B-DEFINIENDUM
,procesi,I-DEFINIENDUM
,ime,O
,pove,O
,",",O
,da,O
,gre,O
,za,O
,procese,B-GENUS
,",",O
,ki,O
,se,O
,dogajajo,O
,na,B-HAS_LOCATION
,pobočjih,I-HAS_LOCATION_rev
,.,O
Sentence: 35,Uvala,B-GENUS
,je,O
,večja,B-HAS_SIZE
,kraška,B-GENUS
,globel,B-GENUS
,skledaste,B-HAS_FORM
,oblike,I-HAS_FORM
,z,I-HAS_FORM
,neravnim,I-HAS_FORM
,dnom,I-HAS_FORM
,in,O
,sklenjenim,I-HAS_FORM
,višjim,I-HAS_FORM
,obodom,I-HAS_FORM
,.,O
,Praviloma,O
,je,O
,manjša,B-HAS_SIZE
,od,I-HAS_FORM
,kraškega,I-HAS_FORM
,polja,I-GENUS
,in,O
,večja,B-HAS_SIZE
,od,I-HAS_FORM
,vrtače,O
,.,O
Sentence: 36,Slovenska,O
,kraška,O
,terminologija,O
,navaja,O
,",",O
,da,O
,je,O
,vrtača,B-DEFINIENDUM
,:,O
,depresijska,B-GENUS
,oblika,B-GENUS
,okroglaste,B-HAS_FORM
,oblike,I-HAS_FORM
,",",O
,navadno,O
,globoka,I-HAS_SIZE
,več,I-HAS_SIZE
,metrov,I-HAS_SIZE
,in,O
,je,O
,bolj,O
,široka,O
,kot,I-HAS_FORM
,globoka,O
,.,O
Sentence: 37,Požiralnik,B-DEFINIENDUM
,je,O
,definiran,O
,kot,O
,špranja,B-GENUS
,ali,O
,brezno,B-GENUS
,v,B-HAS_LOCATION
,skalnem,I-HAS_LOCATION
,koritu,I-HAS_LOCATION
,",",O
,ki,B-HAS_FUNCTION
,požira,B-HAS_FUNCTION
,vodo,I-HAS_FUNCTION
,",",O
,ponikev,O
,kot,O
,odprtina,B-GENUS
,",",O
,v,B-HAS_FUNCTION
,katero,I-HAS_FUNCTION
,ponika,I-HAS_FUNCTION
,voda,I-HAS_FUNCTION
,in,O
,je,O
,večinoma,O
,prekrita,I-HAS_FORM
,z,I-HAS_FORM
,naplavino,I-HAS_FUNCTION
,",",O
,ponor,O
,pa,O
,kot,O
,večja,B-HAS_FORM
,vodoravna,B-HAS_FORM
,odprtina,B-GENUS
,v,B-HAS_FUNCTION
,katero,B-HAS_FUNCTION
,teče,I-HAS_FUNCTION
,potok,O
,ali,O
,reka,O
Sentence: 38,Slovenska,O
,kraška,O
,terminologija,O
,opredeli,O
,hum,PAD
,kot,O
,osamljen,O
,korozijsko,I-HAS_CAUSE
,-,I-HAS_CAUSE
,erozijsko,I-HAS_CAUSE
,-,I-HAS_CAUSE
,denudacijski,I-HAS_CAUSE
,ostanek,O
,višjega,I-GENUS_rev
,reliefa,I-GENUS
,",",O
,zlasti,B-HAS_LOCATION
,na,B-HAS_LOCATION
,dnu,I-HAS_LOCATION_rev
,kraškega,I-HAS_LOCATION
,polja,I-HAS_LOCATION_rev
,.,O
Sentence: 39,Ford,O
,in,O
,Williams,O
,opišeta,O
,hume,B-DEFINIENDUM
,kot,O
,eno,O
,izmed,O
,štirih,O
,tipov,O
,stolpičastega,B-DEFINIENDUM
,krasa,I-GENUS
,",",O
,in,O
,sicer,O
,kot,O
,ostanke,B-GENUS
,vzpetin,B-GENUS
,",",O
,ki,B-HAS_FORM
,štrlijo,I-HAS_FORM
,iz,I-HAS_FORM
,izravnanega,I-COMPOSITION_MEDIUM
,karbonatnega,I-COMPOSITION_MEDIUM
,površja,I-COMPOSITION_MEDIUM
,",",O
,ki,O
,ga,O
,prekriva,O
,aluvij,I-COMPOSITION_MEDIUM
,.,O
,karbonatnega,O
Sentence: 40,Kraška,B-DEFINIENDUM
,polja,I-DEFINIENDUM
,so,O
,največje,O
,in,O
,gospodarsko,O
,najpomembnejše,O
,kotanje,B-GENUS
,v,B-HAS_LOCATION
,dinarskem,I-HAS_LOCATION
,krasu,O
,.,O
Sentence: 41,Škavnice,B-DEFINIENDUM
,so,O
,skledaste,B-HAS_FORM
,vdolbine,B-GENUS
,na,B-HAS_LOCATION
,vodoravni,I-HAS_FORM
,ali,I-HAS_FORM
,rahlo,I-HAS_FORM
,nagnjeni,I-HAS_FORM
,skalni,I-HAS_LOCATION
,podlagi,I-HAS_FORM
,.,O
Sentence: 42,Žlebiči,B-DEFINIENDUM
,in,O
,žlebovi,O
,so,O
,žlebaste,B-GENUS
,izjedenine,B-GENUS
,s,B-HAS_FORM
,polkrožnim,I-HAS_FORM
,prečnim,I-HAS_FORM
,prerezom,I-HAS_FORM
,",",O
,ki,B-HAS_FORM
,se,O
,oblikujejo,I-HAS_FORM
,na,B-HAS_LOCATION
,ravnem,I-HAS_FORM
,kompaktnem,I-HAS_FORM
,skalnem,I-HAS_LOCATION
,površju,I-HAS_FORM
,in,O
,potekajo,I-HAS_FORM
,v,I-HAS_FORM
,smeri,I-HAS_FORM
,največjega,I-HAS_FORM
,naklona,I-HAS_FORM
Sentence: 43,Erozijski,B-DEFINIENDUM
,jarki,I-DEFINIENDUM
,nastanejo,B-HAS_CAUSE
,s,B-HAS_CAUSE
,kanaliziranjem,I-HAS_CAUSE
,površinskega,I-HAS_CAUSE
,toka,I-HAS_CAUSE
,",",O
,predvsem,O
,tam,B-HAS_LOCATION
,",",O
,kjer,B-HAS_LOCATION
,so,I-HAS_FORM
,že,I-HAS_FORM
,reliefno,I-HAS_FORM
,(,O
,naravno,I-HAS_FORM
,),O
,zasnovane,I-HAS_FORM
,linije,O
,odtoka,O
,",",O
,pa,O
,tudi,O
,ob,B-HAS_CAUSE
,raznih,O
,antropogenih,I-HAS_CAUSE
,oblikah,I-HAS_CAUSE
,(,O
,npr,O
,.,O
,izkopih,I-HAS_CAUSE
,",",O
,njivskih,O
,brazdah,I-HAS_LOCATION
,",",O
,mejah,O
,parcel,O
,",",O
,poteh,O
,in,O
,cestah,O
,),O
,.,O
Sentence: 44,Veter,PAD
,je,O
,gibanje,B-GENUS
,zraka,O
,",",O
,ki,B-HAS_CAUSE
,nastane,B-HAS_CAUSE
,zaradi,B-HAS_CAUSE
,razlik,I-HAS_CAUSE
,v,I-HAS_CAUSE
,zračnem,I-HAS_CAUSE
,tlaku,O
,.,O
Sentence: 45,Proces,B-GENUS_rev
,",",O
,v,O
,katerem,O
,se,O
,trdna,O
,kompaktna,I-HAS_CAUSE
,kamnina,I-GENUS
,pod,B-HAS_CAUSE
,vplivom,I-HAS_CAUSE
,eksogenih,I-HAS_CAUSE
,dejavnikov,I-HAS_CAUSE
,razkraja,I-HAS_FUNCTION
,v,B-HAS_FORM
,manjše,O
,in,O
,med,O
,seboj,O
,nepovezane,O
,delce,O
,",",O
,imenujemo,O
,preperevanje,B-DEFINIENDUM
,.,O
Sentence: 46,Tlačna,B-DEFINIENDUM
,trdnost,I-DEFINIENDUM
,je,O
,odpornost,B-HAS_FUNCTION
,proti,I-HAS_CAUSE
,tlačni,I-HAS_CAUSE
,obremenitvi,I-HAS_CAUSE
,",",O
,ki,B-HAS_FUNCTION
,jo,O
,kamnina,I-GENUS
,prenese,I-HAS_CAUSE
,",",O
,preden,B-HAS_FUNCTION
,se,O
,zdrobi,I-HAS_CAUSE
,.,O
Sentence: 47,Po,O
,prvi,O
,definiciji,O
,je,O
,spodmol,O
,prostor,B-GENUS
,pod,B-HAS_LOCATION
,previsom,I-HAS_LOCATION
,v,B-HAS_LOCATION
,skalovju,I-HAS_LOCATION
,",",O
,po,O
,drugi,O
,pa,O
,kratka,B-HAS_FORM
,vodoravna,B-HAS_FORM
,jama,B-GENUS
,pod,B-HAS_LOCATION
,previsno,I-HAS_LOCATION
,steno,I-HAS_LOCATION
,.,O
,kratka,O
Sentence: 48,Večji,O
,ali,O
,manjši,O
,del,O
,kraškega,B-DEFINIENDUM
,polja,I-GENUS
,je,O
,ravnica,O
,",",O
,običajno,O
,obdelana,B-COMPOSITION_MEDIUM
,zemlja,I-GENUS
,",",O
,ki,O
,je,I-COMPOSITION_MEDIUM
,največkrat,O
,na,B-COMPOSITION_MEDIUM
,naplavini,I-COMPOSITION_MEDIUM
,ali,I-COMPOSITION_MEDIUM
,debeli,I-COMPOSITION_MEDIUM
,prsti,I-COMPOSITION_MEDIUM
,.,O
Sentence: 49,Odlaganje,B-GENUS
,sige,O
,je,O
,proces,B-GENUS
,",",O
,ki,O
,je,O
,ravno,O
,nasproten,O
,koroziji,I-HAS_CAUSE
,.,O
Sentence: 50,Glaciologija,B-DEFINIENDUM
,je,O
,raziskava,B-GENUS
,in,O
,preučevanje,O
,ledenikov,O
,",",O
,ledenih,O
,plošč,O
,",",O
,morskega,O
,ledu,O
,",",O
,sezonskega,O
,snega,O
,",",O
,zamrznjenih,O
,tal,O
,in,O
,vseh,O
,drugih,O
,naravnih,O
,pojavov,I-HAS_FUNCTION
,",",O
,ki,O
,vključujejo,O
,led,O
,in,O
,njegove,O
,učinke,O
,na,O
,okolje,O
,.,O
Sentence: 51,Podkategorija,O
,te,O
,znanosti,O
,je,O
,astroglaciologija,B-DEFINIENDUM
,",",O
,ki,O
,je,O
,nastala,B-HAS_CAUSE
,po,O
,odkritju,I-HAS_CAUSE
,vodnega,I-HAS_CAUSE
,ledu,I-HAS_CAUSE
,na,B-HAS_LOCATION
,Luni,O
,",",O
,Evropi,O
,",",O
,Marsu,O
,in,O
,Plutonu,O
,.,O
Sentence: 52,Spodmol,B-DEFINIENDUM
,je,O
,definiran,O
,tudi,O
,kot,O
,previs,B-GENUS
,na,B-HAS_LOCATION
,morski,I-HAS_LOCATION
,",",O
,redkeje,O
,jezerski,I-HAS_LOCATION
,obali,I-HAS_LOCATION
,",",O
,ki,O
,ga,B-HAS_CAUSE
,ustvari,B-HAS_CAUSE
,erozijsko,I-HAS_CAUSE
,delovanje,I-HAS_CAUSE
,valov,I-HAS_CAUSE
,in,O
,kot,O
,kraška,O
,jama,I-GENUS
,.,O
Sentence: 53,Škraplje,B-DEFINIENDUM
,so,O
,ena,O
,izmed,O
,najbolj,O
,tipičnih,O
,površinskih,B-GENUS
,kraških,O
,oblik,I-GENUS
,",",O
,ki,O
,jih,O
,sestavljajo,O
,korozijsko,I-HAS_FORM
,razširjene,I-HAS_FORM
,razpoke,B-HAS_FORM
,ter,O
,vmesni,O
,bloki,I-HAS_FORM
,.,O
Sentence: 54,Kopasti,B-DEFINIENDUM
,vrhovi,I-DEFINIENDUM
,so,O
,najpogostejši,O
,tip,O
,kraške,B-GENUS
,vzpetine,I-GENUS
,.,O
,Gre,O
,za,O
,višje,B-HAS_FORM
,predele,B-GENUS
,kraškega,I-COMPOSITION_MEDIUM
,površja,I-GENUS
,",",O
,ki,O
,navadno,O
,ležijo,B-HAS_FORM
,med,B-HAS_FORM
,zaprtimi,I-HAS_FORM
,kraškimi,I-HAS_FORM
,kotanjami,I-HAS_FORM
,različnih,O
,dimenzij,O
,",",O
,kot,O
,so,O
,uvale,O
,",",O
,vrtače,O
,in,O
,druge,O
,manjše,O
,globeli,O
,.,O
Sentence: 55,Kotliči,B-DEFINIENDUM
,so,B-HAS_FORM
,skalnate,B-COMPOSITION_MEDIUM
,globeli,B-GENUS
,okrogle,I-HAS_FORM
,",",O
,podolgovate,I-HAS_FORM
,ali,I-HAS_FORM
,oglate,I-HAS_FORM
,oblike,I-HAS_FORM
,s,O
,premerom,I-HAS_SIZE
,in,O
,globino,I-HAS_SIZE
,nekaj,I-HAS_SIZE
,metrov,I-HAS_SIZE
,ter,O
,strmimi,I-HAS_FORM
,do,I-HAS_FORM
,navpičnimi,I-HAS_FORM
,stenami,I-HAS_FORM
,.,O
Sentence: 56,V,O
,gradbeništvu,O
,oziroma,O
,vodarstvu,O
,pojem,O
,težnostna,B-DEFINIENDUM
,erozija,I-DEFINIENDUM
,obsega,O
,pojave,O
,plazne,I-HAS_CAUSE
,",",O
,usadne,O
,in,O
,podorne,I-HAS_CAUSE
,erozije,I-HAS_CAUSE
,oziroma,O
,pojave,O
,",",O
,ki,O
,jih,O
,pogosto,O
,imenujemo,O
,skupaj,O
,kar,O
,zemeljski,B-DEFINIENDUM
,plazovi,I-DEFINIENDUM
,.,O
Sentence: 57,Jame,B-DEFINIENDUM
,so,O
,pogosto,O
,opredeljene,O
,kot,O
,naravne,B-HAS_FORM
,podzemeljske,B-GENUS
,votline,B-GENUS
,",",O
,ki,O
,so,O
,prehodne,O
,za,B-HAS_FUNCTION
,človeka,I-HAS_FUNCTION
,.,O
Sentence: 58,Vrtače,B-DEFINIENDUM
,so,O
,običajno,O
,krožne,B-HAS_FORM
,do,I-HAS_FORM
,polkrožne,B-HAS_FORM
,reliefne,I-HAS_FORM
,oblike,I-HAS_FORM
,",",O
,ki,O
,se,O
,razlikujejo,O
,v,O
,premeru,I-HAS_SIZE
,od,I-HAS_SIZE
,nekaj,I-HAS_SIZE
,m,I-HAS_SIZE
,do,I-HAS_SIZE
,1,I-HAS_SIZE
,km,I-HAS_SIZE
,.,O
Sentence: 59,Vdolbinice,PAD
,se,O
,pojavljajo,O
,kot,B-HAS_FORM
,majhne,B-HAS_FORM
,izjedenine,B-GENUS
,v,B-COMPOSITION_MEDIUM
,skalni,I-COMPOSITION_MEDIUM
,podlagi,I-COMPOSITION_MEDIUM
,.,O
Sentence: 60,Odlaganje,B-DEFINIENDUM
,sige,O
,je,O
,proces,B-GENUS
,",",O
,ki,O
,je,O
,ravno,O
,nasproten,O
,koroziji,I-HAS_CAUSE
,.,O
,Odlaganje,O
Sentence: 61,Suho,B-DEFINIENDUM
,kraško,I-DEFINIENDUM
,polje,I-DEFINIENDUM
,je,O
,tisto,O
,kraško,B-GENUS
,polje,I-GENUS
,",",O
,ki,O
,je,O
,brez,O
,izvirov,O
,ali,O
,ponorov,O
,",",O
,zato,O
,ni,O
,stalnih,O
,ali,O
,občasnih,O
,vodotokov,O
,.,O
Sentence: 62,Prisotne,O
,so,O
,tudi,O
,večje,O
,kraške,I-HAS_FORM
,oblike,I-HAS_FORM
,",",O
,kot,O
,so,O
,uvale,O
,in,O
,številne,O
,vrtače,O
,.,O
Sentence: 63,Kemično,B-DEFINIENDUM
,preperevanje,I-DEFINIENDUM
,je,O
,razgrajevanje,B-HAS_CAUSE
,kamnine,I-GENUS
,pod,B-HAS_CAUSE
,vplivom,I-HAS_CAUSE
,vode,I-HAS_CAUSE
,in,O
,v,I-HAS_CAUSE
,njej,I-HAS_CAUSE
,raztopljenih,I-HAS_CAUSE
,snovi,I-HAS_CAUSE
,.,O
Sentence: 64,Kraška,B-DEFINIENDUM
,polja,I-GENUS
,sodijo,O
,med,O
,največje,O
,kraške,O
,kotanje,B-GENUS
,.,O
Sentence: 65,Vrtača,B-DEFINIENDUM
,je,O
,manj,B-HAS_FORM
,ša,B-HAS_FORM
,oblika,B-GENUS
,kraške,I-HAS_FORM
,globeli,B-GENUS
,",",O
,ki,O
,je,O
,bolj,O
,široka,I-HAS_FORM
,kot,I-HAS_FORM
,globoka,I-HAS_FORM
,.,O
Sentence: 66,Kraška,B-DEFINIENDUM
,polja,I-GENUS
,so,O
,največje,O
,oblike,B-GENUS
,kraških,O
,kotanj,I-GENUS
,na,B-HAS_LOCATION
,krasu,I-HAS_LOCATION_rev
,.,O
Sentence: 67,Pojav,O
,prištevamo,O
,k,O
,skalnim,B-DEFINIENDUM
,podorom,I-DEFINIENDUM
,in,O
,ga,O
,v,O
,geografiji,O
,imenujemo,O
,kamniti,B-DEFINIENDUM
,zdrs,I-DEFINIENDUM
,.,O
Sentence: 68,Erozijski,B-DEFINIENDUM
,jarki,I-DEFINIENDUM
,so,O
,fluvialna,B-DEFINIENDUM
,erozijska,B-GENUS
,oblika,I-GENUS
,",",O
,ki,O
,je,O
,na,B-HAS_LOCATION
,proučevanih,O
,območjih,O
,najpogostej,O
,ša,PAD
,na,B-HAS_LOCATION
,pobočjih,I-HAS_LOCATION
,kotanj,I-HAS_LOCATION
,.,O
Sentence: 69,V,O
,literaturi,O
,je,O
,kontaktni,O
,kras,I-DEFINIENDUM
,največkrat,O
,definiran,O
,kot,O
,stik,B-GENUS
,med,B-HAS_LOCATION
,nekarbonatnimi,I-COMPOSITION_MEDIUM
,in,O
,karbonatnimi,I-COMPOSITION_MEDIUM
,kamninami,I-COMPOSITION_MEDIUM
,.,O
Sentence: 70,Fluviokras,B-DEFINIENDUM
,tuja,O
,literatura,O
,opredeljuje,O
,kot,O
,površje,B-GENUS
,na,B-HAS_LOCATION
,karbonatnih,I-COMPOSITION_MEDIUM
,kamninah,I-COMPOSITION_MEDIUM
,",",O
,kjer,O
,so,O
,prevladujoče,O
,oblike,O
,na,B-HAS_LOCATION
,površju,I-HAS_LOCATION
,doline,O
,",",O
,ki,O
,so,O
,jih,O
,oblikovale,I-HAS_FUNCTION
,površinske,O
,reke,O
,.,O
Sentence: 71,Fluviokraško,B-DEFINIENDUM
,površje,I-DEFINIENDUM
,je,O
,prehodna,O
,oblika,B-GENUS
,kraškega,I-GENUS
,reliefa,I-GENUS
,",",O
,kjer,B-HAS_CAUSE
,prevladuje,O
,odnašanje,I-HAS_CAUSE
,materiala,I-HAS_CAUSE
,in,O
,se,O
,površje,O
,mestoma,O
,preoblikuje,O
,fluvialno,I-HAS_CAUSE
,.,O
Sentence: 72,Erozijski,B-DEFINIENDUM
,jarki,I-DEFINIENDUM
,so,O
,tipična,O
,fluviokraška,B-DEFINIENDUM
,oblika,I-GENUS
,",",O
,kjer,O
,se,O
,zaradi,I-HAS_CAUSE
,lokalne,I-HAS_CAUSE
,prevlade,I-HAS_CAUSE
,mehanskega,I-HAS_CAUSE
,odtoka,I-HAS_CAUSE
,materiala,I-HAS_CAUSE
,površje,I-HAS_CAUSE
,preoblikuje,I-HAS_CAUSE
,fluvialno,I-HAS_CAUSE
,.,O
Sentence: 73,V,O
,literaturi,O
,so,O
,ponikve,B-DEFINIENDUM
,definirane,O
,kot,O
,vertikalni,B-DEFINIENDUM
,odtoki,I-DEFINIENDUM
,površinske,I-HAS_FUNCTION
,vode,I-HAS_FUNCTION
,v,B-HAS_LOCATION
,podzemlje,I-HAS_LOCATION
,",",O
,kjer,B-HAS_LOCATION
,je,I-COMPOSITION_MEDIUM
,površje,I-HAS_FORM
,delno,I-COMPOSITION_MEDIUM
,ali,O
,povsem,I-HAS_FORM
,prekrito,I-COMPOSITION_MEDIUM
,z,I-HAS_FORM
,naplavino,I-COMPOSITION_MEDIUM
,.,O
Sentence: 74,Slepe,B-DEFINIENDUM
,doline,I-GENUS
,so,O
,najbolj,O
,značilna,O
,oblika,B-GENUS
,ponornega,B-DEFINIENDUM
,kontaktnega,I-GENUS
,krasa,I-GENUS
,.,O
Sentence: 75,Paragenezo,O
,razumemo,O
,kot,O
,proces,B-GENUS
,erodiranja,B-GENUS
,in,O
,korodiranja,I-HAS_CAUSE
,jamskega,B-GENUS
,stropa,I-GENUS
,do,O
,gladine,I-HAS_FUNCTION
,podzemne,I-HAS_FUNCTION
,vode,I-HAS_FUNCTION
,ter,O
,akumulacije,O
,alogenega,O
,materiala,O
,na,B-HAS_LOCATION
,dno,O
,rova,I-HAS_LOCATION
,.,O
Sentence: 76,Tafon,O
,in,O
,niša,O
,(,O
,spodmoli,O
,),O
,sta,O
,dve,O
,različni,O
,reliefni,I-HAS_FORM
,obliki,O
,",",O
,čeprav,O
,naj,O
,bi,O
,obe,O
,obliki,O
,nastali,B-HAS_CAUSE
,z,I-HAS_CAUSE
,votlinastim,I-HAS_CAUSE
,preperevanjem,I-HAS_CAUSE
,.,O
,Po,O
,drugi,O
,strani,O
,imamo,O
,avtorje,O
,",",O
,ki,O
,spodmole,O
,enačijo,O
,s,O
,tafoni,O
,.,O
Sentence: 77,Geomorfologija,B-DEFINIENDUM
,je,O
,veda,B-GENUS
,",",O
,ki,O
,razlaga,O
,odnose,O
,med,O
,geomorfnimi,O
,procesi,I-HAS_FUNCTION
,in,O
,reliefnimi,PAD
,oblikami,O
,.,O
Sentence: 78,Spodnji,O
,del,B-GENUS
,plazu,O
,imenujemo,O
,čelo,PAD
,.,O
Sentence: 79,Dinarski,B-DEFINIENDUM
,kras,I-DEFINIENDUM
,je,O
,kompletno,O
,razvit,B-GENUS
,kras,B-GENUS
,",",O
,katerega,O
,značilnost,O
,so,O
,velike,O
,kraške,O
,depresije,O
,ali,O
,z,O
,drugimi,O
,besedami,O
,kraška,B-DEFINIENDUM
,polja,I-GENUS
,.,O
Sentence: 80,Zoogena,B-DEFINIENDUM
,breča,I-GENUS
,je,O
,značilna,O
,kamnina,I-GENUS
,tega,O
,obdobja,O
,",",O
,ki,O
,je,B-HAS_CAUSE
,nastala,B-HAS_CAUSE
,predvsem,B-HAS_CAUSE
,iz,I-HAS_CAUSE
,ostankov,I-HAS_CAUSE
,favnističnega,I-HAS_CAUSE
,izvora,I-HAS_CAUSE
,.,O
Sentence: 81,Jarkovna,B-DEFINIENDUM
,erozija,I-DEFINIENDUM
,je,O
,globinska,B-GENUS
,erozija,B-GENUS
,",",O
,pri,O
,kateri,O
,na,O
,primer,O
,z,B-HAS_CAUSE
,zdruèvanjem,I-HAS_CAUSE
,erozijskih,I-HAS_CAUSE
,žlebičev,I-HAS_CAUSE
,nastajajo,O
,več,I-HAS_SIZE
,metrov,O
,globoko,O
,in,O
,več,O
,deset,O
,metrov,O
,dolgi,O
,erozijski,O
,jarki,O
,.,O
Sentence: 82,Plazovitost,B-DEFINIENDUM
,je,O
,skladnost,B-GENUS
,med,O
,usmerjenostjo,I-HAS_FORM
,pobočij,I-GENUS
,in,O
,vpadom,PAD
,kamninskih,B-COMPOSITION_MEDIUM
,plasti,I-HAS_CAUSE
,.,O
Sentence: 83,Spodmoli,O
,so,O
,vdolbine,I-HAS_FORM
,v,B-HAS_LOCATION
,navpičnih,I-HAS_FORM
,stenah,I-HAS_LOCATION
,pod,B-HAS_LOCATION
,previsi,I-HAS_LOCATION_rev
,",",O
,ki,O
,navadno,O
,ne,O
,dosegajo,O
,dimenzij,I-HAS_SIZE
,jam,I-HAS_FORM
,",",O
,njihova,O
,širina,O
,pa,O
,je,O
,večja,O
,od,I-HAS_SIZE
,globine,O
,.,O
Sentence: 84,Dolci,O
,so,O
,v,O
,Sloveniji,O
,značilni,O
,za,O
,dolomitna,I-COMPOSITION_MEDIUM
,površja,I-GENUS_rev
,",",O
,njihova,O
,morfogeneza,I-HAS_CAUSE
,pa,O
,je,B-HAS_CAUSE
,vezana,B-HAS_CAUSE
,na,I-HAS_CAUSE
,delovanje,I-HAS_CAUSE
,fluviokraških,I-HAS_CAUSE
,procesov,I-HAS_CAUSE
,.,PAD
Sentence: 85,Dolci,O
,",",O
,tudi,O
,dolki,O
,",",O
,so,O
,plitve,B-HAS_FORM
,dolinaste,I-HAS_FORM
,reliefne,I-HAS_FORM
,oblike,I-HAS_FORM
,brez,O
,površinskega,I-HAS_FUNCTION
,vodnega,I-HAS_FUNCTION
,pretakanja,I-HAS_FUNCTION
,.,O
Sentence: 86,Dolec,B-DEFINIENDUM
,je,O
,značilna,O
,oblika,B-GENUS
,dolomitnega,B-COMPOSITION_MEDIUM
,površja,I-GENUS
,.,O
Sentence: 87,Dolek,B-DEFINIENDUM
,oziroma,O
,dolec,B-DEFINIENDUM
,je,O
,geomorfološka,B-GENUS
,oblika,B-GENUS
,",",O
,ki,O
,je,O
,zelo,O
,sorodna,O
,suhi,O
,dolini,PAD
,in,O
,se,O
,od,O
,nje,O
,razlikuje,O
,zgolj,O
,po,O
,velikosti,O
,.,O
Sentence: 88,V,O
,kraški,B-DEFINIENDUM
,hidrologiji,O
,pomeni,O
,piezometrični,B-DEFINIENDUM
,nivo,I-DEFINIENDUM
,oziroma,O
,nivo,O
,podzemne,O
,vode,O
,v,B-HAS_LOCATION
,krasu,I-HAS_LOCATION
,navidezno,O
,višino,B-GENUS
,vode,I-HAS_FUNCTION
,v,B-HAS_LOCATION
,kanalih,O
,",",O
,ki,O
,vodijo,O
,proti,O
,izviru,O
,.,O
Sentence: 89,Dejavnike,B-GENUS_rev
,",",O
,ki,O
,v,O
,sistemu,O
,dokončno,O
,podrejo,O
,ravnovesje,O
,imenujemo,O
,"""",O
,povod,I-DEFINIENDUM
,"""",O
,za,O
,nastanek,O
,zemeljskih,B-DEFINIENDUM
,plazov,I-DEFINIENDUM
,.,O
Sentence: 90,Abrazija,B-DEFINIENDUM
,je,O
,destrukcijsko,B-GENUS
,delo,I-GENUS
,morskih,O
,in,O
,jezerskih,O
,valov,B-GENUS
,.,O
Sentence: 91,Erozija,B-GENUS
,prsti,I-DEFINIENDUM
,je,O
,oznaka,O
,za,O
,proces,B-GENUS
,",",O
,ki,O
,povečini,O
,prizadene,O
,prst,O
,.,O
Sentence: 92,Premikanje,O
,preperine,O
,oziroma,O
,preperinski,O
,tok,O
,povzroči,O
,nagubanje,I-HAS_CAUSE
,sklenjene,I-HAS_FORM
,travne,O
,ruše,I-GENUS
,",",O
,zaradi,O
,česar,O
,je,O
,na,B-HAS_LOCATION
,površju,O
,viden,O
,grbinast,I-HAS_FORM
,relief,O
,.,O
Sentence: 93,Bruhalniki,B-DEFINIENDUM
,so,O
,kraški,B-GENUS
,izviri,B-GENUS
,",",O
,ki,O
,obdobno,I-HAS_FUNCTION
,bruhajo,B-HAS_FUNCTION
,vodo,I-HAS_FUNCTION
,na,B-HAS_FUNCTION
,površje,I-HAS_LOCATION_rev
,.,O
Sentence: 94,Korozija,B-GENUS
,je,O
,posledica,B-HAS_CAUSE
,večje,I-HAS_CAUSE
,količine,I-HAS_CAUSE
,vode,I-HAS_CAUSE
,v,B-HAS_LOCATION
,nižjih,I-HAS_LOCATION
,legah,O
,.,PAD
Sentence: 95,Erozijski,B-DEFINIENDUM
,jarki,I-DEFINIENDUM
,so,O
,stalna,O
,reliefna,B-GENUS
,oblika,I-GENUS
,",",O
,pogosta,O
,na,B-HAS_LOCATION
,strmih,I-HAS_LOCATION
,pobočjih,I-HAS_LOCATION
,.,O
Sentence: 96,Mikrožlebiči,B-DEFINIENDUM
,so,O
,vzporedne,B-HAS_FORM
,",",O
,ravno,I-HAS_FORM
,potekajoče,I-HAS_FORM
,podolgovate,I-HAS_FORM
,vdolbine,I-HAS_FORM
,",",O
,ki,B-HAS_FORM
,se,O
,pojavljajo,B-HAS_LOCATION
,na,B-HAS_LOCATION
,bolj,I-HAS_FORM
,nagnjeni,I-HAS_FORM
,goli,I-HAS_FORM
,skalni,I-HAS_LOCATION
,površini,I-HAS_FORM
,.,O
Sentence: 97,Korozijske,B-DEFINIENDUM
,stopničke,I-DEFINIENDUM
,so,O
,polkrožne,B-HAS_FORM
,kraške,I-HAS_FORM
,reliefne,B-GENUS
,oblike,I-GENUS
,",",O
,ki,O
,se,O
,pojavljajo,O
,predvsem,I-HAS_LOCATION
,na,B-HAS_LOCATION
,golem,I-HAS_LOCATION
,skalnem,I-COMPOSITION_MEDIUM
,površju,I-HAS_LOCATION
,.,O
